net.c,V8,V9,V10
1,0.213901285906191,-0.210390825201521,0.419526016028233
0.213901285906191,1,0.175960854874117,-0.032248073669694
-0.210390825201521,0.175960854874117,1,0.065599645409209
0.419526016028233,-0.032248073669694,0.065599645409209,1
